{"entries":[{"playerName":"---","playerDisplayName":"---","prefix":"","suffix":"","position":1,"board":"statistic_player_kills","type":"MONTHLY","score":-1.0},{"playerName":"---","playerDisplayName":"---","prefix":"","suffix":"","position":2,"board":"statistic_player_kills","type":"MONTHLY","score":-1.0},{"playerName":"---","playerDisplayName":"---","prefix":"","suffix":"","position":3,"board":"statistic_player_kills","type":"MONTHLY","score":-1.0},{"playerName":"---","playerDisplayName":"---","prefix":"","suffix":"","position":4,"board":"statistic_player_kills","type":"MONTHLY","score":-1.0},{"playerName":"---","playerDisplayName":"---","prefix":"","suffix":"","position":5,"board":"statistic_player_kills","type":"MONTHLY","score":-1.0},{"playerName":"---","playerDisplayName":"---","prefix":"","suffix":"","position":6,"board":"statistic_player_kills","type":"MONTHLY","score":-1.0},{"playerName":"---","playerDisplayName":"---","prefix":"","suffix":"","position":7,"board":"statistic_player_kills","type":"MONTHLY","score":-1.0},{"playerName":"---","playerDisplayName":"---","prefix":"","suffix":"","position":8,"board":"statistic_player_kills","type":"MONTHLY","score":-1.0},{"playerName":"---","playerDisplayName":"---","prefix":"","suffix":"","position":9,"board":"statistic_player_kills","type":"MONTHLY","score":-1.0},{"playerName":"---","playerDisplayName":"---","prefix":"","suffix":"","position":10,"board":"statistic_player_kills","type":"MONTHLY","score":-1.0}],"meta":{"time":1713396430464,"type":"MONTHLY","board":"statistic_player_kills"}}