{"stats":{"minecraft:used":{"minecraft:netherite_boots":1,"minecraft:ancient_debris":67,"minecraft:dark_oak_trapdoor":3,"minecraft:cobblestone":29,"minecraft:anvil":3,"minecraft:netherite_leggings":1,"minecraft:flint_and_steel":29,"minecraft:tnt":105,"minecraft:netherite_chestplate":1,"minecraft:netherite_helmet":2,"minecraft:player_head":2},"minecraft:picked_up":{"minecraft:tnt":1,"minecraft:allium":1,"minecraft:andesite":8,"minecraft:orange_tulip":2,"minecraft:dandelion":1,"minecraft:gravel":4,"minecraft:white_tulip":1,"minecraft:pink_tulip":1,"minecraft:player_head":3,"minecraft:diorite":8,"minecraft:oak_sapling":5,"minecraft:mossy_cobblestone":1,"minecraft:dirt":145,"minecraft:cobblestone":39},"minecraft:mined":{"minecraft:fire":1,"minecraft:player_head":1,"minecraft:tnt":1},"minecraft:custom":{"minecraft:time_since_rest":122501,"minecraft:sprint_one_cm":62409,"minecraft:play_time":122501,"minecraft:damage_taken":294,"minecraft:walk_one_cm":64265,"minecraft:sneak_time":81,"minecraft:walk_under_water_one_cm":1154,"minecraft:interact_with_anvil":6,"minecraft:jump":566,"minecraft:leave_game":8,"minecraft:walk_on_water_one_cm":1532,"minecraft:time_since_death":122501,"minecraft:total_world_time":122501,"minecraft:fall_one_cm":23482,"minecraft:fly_one_cm":211521}},"DataVersion":3465}