{"entries":[{"playerName":"---","playerDisplayName":"---","prefix":"","suffix":"","position":1,"board":"vault_eco_balance","type":"YEARLY","score":-1.0},{"playerName":"---","playerDisplayName":"---","prefix":"","suffix":"","position":2,"board":"vault_eco_balance","type":"YEARLY","score":-1.0},{"playerName":"---","playerDisplayName":"---","prefix":"","suffix":"","position":3,"board":"vault_eco_balance","type":"YEARLY","score":-1.0},{"playerName":"---","playerDisplayName":"---","prefix":"","suffix":"","position":4,"board":"vault_eco_balance","type":"YEARLY","score":-1.0},{"playerName":"---","playerDisplayName":"---","prefix":"","suffix":"","position":5,"board":"vault_eco_balance","type":"YEARLY","score":-1.0},{"playerName":"---","playerDisplayName":"---","prefix":"","suffix":"","position":6,"board":"vault_eco_balance","type":"YEARLY","score":-1.0},{"playerName":"---","playerDisplayName":"---","prefix":"","suffix":"","position":7,"board":"vault_eco_balance","type":"YEARLY","score":-1.0},{"playerName":"---","playerDisplayName":"---","prefix":"","suffix":"","position":8,"board":"vault_eco_balance","type":"YEARLY","score":-1.0},{"playerName":"---","playerDisplayName":"---","prefix":"","suffix":"","position":9,"board":"vault_eco_balance","type":"YEARLY","score":-1.0},{"playerName":"---","playerDisplayName":"---","prefix":"","suffix":"","position":10,"board":"vault_eco_balance","type":"YEARLY","score":-1.0}],"meta":{"time":1713395876526,"type":"YEARLY","board":"vault_eco_balance"}}